test                                         , type, wall_time_s, user_time_s, sys_time_s, mem_before_kb, mem_after_kb     , mem_change_kb
"kraken-1.1/ai-astar-data.js"                , data,    0.130000,    0.110000,   0.020000,          3584, 64896            ,             0
"kraken-1.1/ai-astar.js"                     , main,    0.000000,    0.000000,   0.000000,          3584, non-zero status 1,             0
"kraken-1.1/audio-beat-detection-data.js"    , data,    0.050000,    0.040000,   0.000000,          3584, 14780            ,             0
"kraken-1.1/audio-beat-detection.js"         , main,    0.000000,    0.000000,   0.000000,          3584, non-zero status 1,             0
"kraken-1.1/audio-dft-data.js"               , data,    0.050000,    0.040000,   0.000000,          3584, 14180            ,             0
"kraken-1.1/audio-dft.js"                    , main,    0.000000,    0.000000,   0.000000,          3584, non-zero status 1,             0
"kraken-1.1/audio-fft-data.js"               , data,    0.050000,    0.040000,   0.000000,          3584, 14152            ,             0
"kraken-1.1/audio-fft.js"                    , main,    0.000000,    0.000000,   0.000000,          3584, non-zero status 1,             0
"kraken-1.1/audio-oscillator-data.js"        , data,    0.050000,    0.040000,   0.000000,          3584, 14104            ,             0
"kraken-1.1/audio-oscillator.js"             , main,    0.000000,    0.000000,   0.000000,          3584, non-zero status 1,             0
"kraken-1.1/imaging-gaussian-blur-data.js"   , data,    1.620000,    1.500000,   0.110000,          3584, 262168           ,             0
"kraken-1.1/imaging-gaussian-blur.js"        , main,    0.000000,    0.000000,   0.000000,          3584, non-zero status 1,             0
"kraken-1.1/imaging-darkroom-data.js"        , data,    1.660000,    1.540000,   0.110000,          3584, 262756           ,             0
"kraken-1.1/imaging-darkroom.js"             , main,    0.000000,    0.000000,   0.000000,          3584, non-zero status 1,             0
"kraken-1.1/imaging-desaturate-data.js"      , data,    1.560000,    1.460000,   0.100000,          3584, 262412           ,             0
"kraken-1.1/imaging-desaturate.js"           , main,    0.000000,    0.000000,   0.000000,          3584, non-zero status 1,             0
"kraken-1.1/json-parse-financial-data.js"    , data,    0.000000,    0.000000,   0.000000,          3584, 6612             ,             0
"kraken-1.1/json-parse-financial.js"         , main,    0.000000,    0.000000,   0.000000,          3584, non-zero status 1,             0
"kraken-1.1/json-stringify-tinderbox-data.js", data,    0.040000,    0.030000,   0.010000,          3584, 18176            ,             0
"kraken-1.1/json-stringify-tinderbox.js"     , main,    0.000000,    0.000000,   0.000000,          3584, non-zero status 1,             0
"kraken-1.1/stanford-crypto-aes-data.js"     , data,    0.060000,    0.050000,   0.010000,          3584, 23168            ,             0
"kraken-1.1/stanford-crypto-aes.js"          , main,    0.000000,    0.000000,   0.000000,          3584, non-zero status 1,             0
"kraken-1.1/stanford-crypto-ccm-data.js"     , data,    0.290000,    0.240000,   0.050000,          3584, 99952            ,             0
"kraken-1.1/stanford-crypto-ccm.js"          , main,    0.000000,    0.000000,   0.000000,          3584, non-zero status 1,             0
"kraken-1.1/stanford-crypto-pbkdf2-data.js"  , data,    0.010000,    0.000000,   0.000000,          3584, 8960             ,             0
"kraken-1.1/stanford-crypto-pbkdf2.js"       , main,    0.000000,    0.000000,   0.000000,          3584, non-zero status 1,             0
